Date,Country,Corridor Layer,Sub-theme,Project/Event,Key Actors,Source Title,Source Link,Confirmed Fact,Potential Implication,Investment/Finance Relevance,Risk/Sensitivity Level,Safe Language Note,Newsletter Relevance Score
2024-01-15,Kazakhstan,Transit and Logistics,Port Infrastructure,Kuryk port capacity expansion approved — additional ro-ro berths under construction,"Kazakhstan Temir Zholy; Ministry of Transport","Kazakhstan Expands Kuryk Port Capacity",https://www.example-source.com/kuryk-2024,Yes — officially confirmed by Ministry of Transport,"Increases Caspian ferry capacity; reduces Aktau congestion; supports higher container throughput","EBRD financing under consideration; estimated $180M investment",Low,"Use: port capacity development; multimodal infrastructure expansion",5
2024-02-03,Azerbaijan,Transit and Logistics,Rail Modernization,ADY Express launches new block train service on Baku-Tbilisi-Kars corridor,"ADY Express; Georgian Railway","ADY Express Expands BTK Block Train Services",https://www.example-source.com/ady-2024,Yes — ADY Express official announcement,"Reduces transit time between Caspian and Turkish border; improves commercial attractiveness","Private commercial investment by ADY Express",Low,"Use: rail connectivity improvement; transit time reduction",5
2024-02-20,Georgia,Green Energy,Electricity Transmission,Georgia and Azerbaijan sign MOU on electricity export expansion via existing interconnection,"Ministry of Energy of Georgia; SOCAR Energy Georgia","Georgia-Azerbaijan Green Energy MOU Signed",https://www.example-source.com/ge-az-energy-2024,Yes — government MOU officially signed,"Supports green electricity corridor development; could complement Caspian renewable export discussions","Feasibility study funding sought from EBRD and ADB",Low,"Use: regional electricity integration; green energy connectivity",4
2024-03-10,Azerbaijan,Fossil Fuel Export,Pipeline Operations,BTC pipeline throughput reaches 1.1 million barrels per day — quarterly record,"BP; SOCAR; BTC Co.","BTC Pipeline Sets New Throughput Record",https://www.example-source.com/btc-2024,Yes — operator-confirmed throughput data,"Demonstrates sustained conventional energy export capacity through the corridor","Infrastructure already amortized; focus on maintenance and capacity optimization",Low,"Use: energy connectivity; export infrastructure utilization",4
2024-03-25,Kazakhstan,Digital Connectivity,Fiber Optic Infrastructure,Trans-Caspian fiber optic cable project enters feasibility assessment phase — ITU involvement confirmed,"ITU; Kazakhstan Ministry of Digital Development; Azerbaijan Ministry of Digital Technologies","Trans-Caspian Digital Cable Project Advances",https://www.example-source.com/caspian-fiber-2024,Partially confirmed — feasibility assessment confirmed; deployment timeline speculative,"Would establish digital connectivity layer alongside physical corridor; significant for digital trade","Estimated $80–120M investment; financing structure under discussion",Low,"Use: digital corridor development; fiber optic connectivity; digital integration",5
2024-04-08,Turkiye,Fossil Fuel Export,Pipeline Operations,TANAP pipeline reaches annual transit capacity milestone — gas volumes from Azerbaijan increase,"BOTAS; SOCAR; TANAP consortium","TANAP Reaches Annual Transit Milestone",https://www.example-source.com/tanap-2024,Yes — BOTAS confirmed throughput figures,"Sustains Southern Gas Corridor commercial viability; supports regional energy connectivity","Existing infrastructure; commercial revenue flows confirmed",Low,"Use: energy transit development; gas connectivity corridor",4
2024-05-14,Kazakhstan,Green Energy,Solar Energy,Kazakhstan approves 1GW solar energy development plan near Aktau with export connectivity study,"Ministry of Energy of Kazakhstan; KEGOC","Kazakhstan Approves Caspian Solar Development Plan",https://www.example-source.com/kz-solar-2024,Partially confirmed — plan approved; export feasibility study not yet complete,"Potential green energy export via Caspian route; supports green corridor narrative","IFC and IsDB financing discussions underway; investment size not yet confirmed",Medium — export timeline speculative,"Use: renewable energy development; green energy corridor; avoid overstating export readiness",4
2024-06-01,Azerbaijan,Digital Connectivity,Telecom Cooperation,Azerbaijan and Georgia sign digital connectivity cooperation agreement — includes fiber network integration,"Ministry of Digital Technologies of Azerbaijan; Ministry of Economy of Georgia","Azerbaijan-Georgia Digital Cooperation Agreement",https://www.example-source.com/az-ge-digital-2024,Yes — officially signed agreement,"Supports digital corridor integration alongside physical transport corridor","No specific capital investment confirmed yet; technical cooperation phase",Low,"Use: digital integration; telecommunications cooperation; digital corridor development",3
2024-06-18,Multiple,Transit and Logistics,Customs Facilitation,Middle Corridor countries agree on single-window customs pilot for container shipments,"Kazakhstan Customs; Azerbaijan Customs; Georgian Revenue Service","Middle Corridor Customs Pilot Launched",https://www.example-source.com/customs-pilot-2024,Yes — pilot formally launched with defined scope,"Reduces documentary burden on shippers; improves commercial competitiveness vs. northern route","Technical assistance financing from EU and EBRD",Low,"Use: trade facilitation; customs modernization; supply chain efficiency",5
